Clarence Moore,40,211 Habos Boulevard
Sarah Schwartz,21,1507 Matbod Way
Mollie Graves,39,1420 Jacul Pass
Ruby Hart,22,947 Haguh Boulevard
Dora Walton,48,534 Vagsej Way
Caleb Harvey,52,583 Haav Loop
Patrick Walker,65,1536 Canom Avenue
Gene Lewis,54,49 Uwsok Loop
Mildred Welch,33,652 Anives Path
Devin Webster,29,566 Fukjal Place
Elsie Dunn,61,1942 Doveh Road
Robert Phelps,23,28 Rujvod Trail
Eugene Terry,18,1004 Nowhah Grove
Kate Johnson,26,1923 Wejosa Trail
Jesus Bryant,39,652 Jewo Highway
Gordon Cummings,38,252 Gurog Avenue
Pauline Austin,45,632 Dembo Plaza
Abbie Brown,39,81 Namgib Point
Kevin Ortega,48,742 Tinha Point
Landon Tucker,54,1003 Tekwam Key
Eunice Hammond,40,952 Dizli Glen
Austin Garza,29,1284 Udoowe View
Timothy Sandoval,50,1766 Agwit Boulevard
Micheal Murphy,47,194 Teru Turnpike
Dylan Lawson,24,551 Sepje Pass
Lois Higgins,41,1901 Wenwiv River
Danny Stevenson,19,810 Zatpu Road
Alex Rodriquez,45,883 Juhza Pass
Lena Munoz,19,774 Hodped Pass
Matilda Frazier,45,1943 Ketab Way
Martin Leonard,31,831 Ewiped Pass
Lida Wallace,64,1218 Ogejis Center
Vincent Myers,49,1825 Evwi Lane
Dennis Montgomery,56,869 Guok Lane
Louisa Ray,59,1175 Jarkip Ridge
Eula Hoffman,63,1248 Epzel Grove
Etta Pratt,52,1821 Lilop Parkway
Ina Underwood,54,17 Nigi Circle
Callie May,65,1368 Orke River
Sophie Daniels,52,829 Wozoj Highway
Aaron Schneider,39,1142 Mitasu Center
Michael Jacobs,39,1485 Vahuf Glen
Richard McBride,39,1130 Awida Center
Henrietta Cook,46,870 Orizip Turnpike
Paul Pena,59,1235 Uloana Extension
Lelia Lamb,30,524 Voki Mill
Sarah Stokes,43,1484 Icalo Circle
Roxie Jefferson,23,1257 Kedok Grove
Jean Owens,30,764 Rilbo Lane
Cordelia Pratt,57,659 Odlel Extension
Lula Freeman,36,434 Tipo Heights
Francisco Holloway,28,1510 Jose Extension
Brandon Gilbert,27,1848 Fushoc Place
Ruth Anderson,39,649 Vejaj Street
Jon Manning,32,332 Ohonaj Square
Hannah Santiago,20,1159 Ucmot View
Jordan Mendez,28,1165 Duve Key
Myrtle Warner,60,1736 Laaho Mill
Belle Lawson,54,735 Remjej Plaza
Harriet Arnold,19,1190 Ehufu Circle
Janie Logan,27,1030 Zewim Way
Tillie Roy,19,1869 Igefoc Turnpike
Abbie Patrick,54,364 Biro Circle
Marc Vasquez,21,380 Cafihi Street
Celia Mills,60,1359 Mupsov View
Clyde Black,25,1983 Jemon Street
Elsie Pittman,49,1573 Dofu Path
Rosalie Moss,36,931 Hauje Court
Beatrice Cox,63,346 Vana Place
Annie Murphy,31,898 Amias Circle
Rachel Singleton,43,43 Fejom Trail
Ola Hawkins,45,835 Aholi Turnpike
Tyler Berry,58,1634 Onuna Park
Jeremiah Underwood,49,1573 Cowgoh Point
Essie Gardner,48,1657 Cures Manor
Rhoda Atkins,31,1809 Udooz Place
Jesus McCoy,36,625 Sojlec Parkway
Isabel Doyle,38,448 Busebu Parkway
Rachel Hardy,63,917 Zunroc Extension
Adelaide Bradley,18,1786 Lejuja Way
May Saunders,46,236 Jime Path
Charlie Hernandez,24,1266 Cehtid Center
Derrick Norton,59,1966 Wosus Grove
Aaron May,54,827 Fajpa Path
Shawn Welch,55,336 Turac Boulevard
Russell Garner,60,398 Cohduh Park
Joseph Roy,64,655 Pimep Street
Harold Cortez,54,1988 Hudo Trail
Adeline Webb,52,1969 Tora Drive
Albert Holloway,40,1306 Ugko Junction
Chris Jacobs,28,97 Hodi Junction
Herbert Blake,63,624 Ogvus Point
Nell Norton,30,828 Junar Court
Cory Klein,45,1673 Avibem Parkway
Brett Freeman,18,1378 Daboz Plaza
Isabelle Alexander,54,1917 Cefic Place
Elizabeth Delgado,42,1875 Ikuvir Place
Danny Flowers,58,1316 Orji Turnpike
Loretta Walters,47,70 Ukhu Manor
